Park Name,Year,JAN,FEB,MAR,APR,MAY,JUN,JUL,AUG,SEP,OCT,NOV,DEC,Total
Yosemite National Park,2022,"135,899","167,905","189,494","279,586","380,859","468,832","386,314","507,923",,,,,"2,516,812"
Yosemite National Park,2021,"67,284","128,222","159,906","257,158","348,006","429,980","509,874","432,038","356,030","284,611","185,213","129,273","3,287,595"
Yosemite National Park,2020,"132,742","167,778","92,324",0,0,"236,534","501,068","375,226","258,561","249,827","136,799","117,454","2,268,313"
Yosemite National Park,2019,"116,746","111,665","173,610","297,207","393,004","496,625","717,462","703,153","584,664","448,939","230,598","149,188","4,422,861"
Yosemite National Park,2018,"129,432","143,321","170,681","278,349","385,670","543,690","504,230","441,867","524,387","360,776","215,854","311,179","4,009,436"
Yosemite National Park,2017,"120,025","119,421","166,793","302,553","471,844","565,702","633,351","615,892","566,279","429,827","217,927","127,276","4,336,890"
Yosemite National Park,2016,"139,780","201,601","286,990","305,092","457,309","703,614","780,728","692,450","598,428","483,232","218,998","160,646","5,028,868"
Yosemite National Park,2015,"128,318","135,316","194,667","281,328","408,121","545,231","626,009","636,936","527,402","357,223","169,425","140,241","4,150,217"
Yosemite National Park,2014,"112,133","113,403","146,750","242,722","333,308","496,363","623,663","654,157","467,205","354,769","203,678","134,491","3,882,642"
Yosemite National Park,2013,"103,910","114,440","165,409","231,178","370,422","508,941","611,538","552,137","460,855","279,526","161,356","131,479","3,691,191"
Yosemite National Park,2012,"120,496","113,341","136,687","243,102","356,500","528,186","623,101","660,118","482,004","322,687","141,868","125,314","3,853,404"
Yosemite National Park,2011,"100,718","93,588","100,433","231,372","356,588","503,741","704,553","699,749","533,502","360,449","139,079","127,621","3,951,393"
Yosemite National Park,2010,"96,089","100,379","149,651","224,461","382,414","521,059","643,566","659,857","520,210","356,370","148,459","98,893","3,901,408"
Yosemite National Park,2009,"101,984","78,795","132,711","230,828","399,683","483,382","586,591","643,300","471,530","346,826","151,297","110,545","3,737,472"
Yosemite National Park,2008,"95,124","107,729","153,735","199,592","361,193","473,186","539,874","543,799","416,918","295,547","146,838","97,979","3,431,514"
Yosemite National Park,2007,"99,892","100,941","135,925","219,854","374,184","466,054","543,235","550,172","417,882","298,122","178,846","118,321","3,503,428"
Yosemite National Park,2006,"104,591","101,194","125,556","189,472","309,387","382,972","510,932","528,254","421,502","298,771","165,499","104,514","3,242,644"
Yosemite National Park,2005,"91,238","103,756","143,335","195,385","304,552","413,124","554,567","485,643","430,134","318,508","152,671","111,231","3,304,144"
Yosemite National Park,2004,"100,020","106,258","146,876","228,212","326,017","449,566","531,864","508,094","393,437","272,200","121,622","96,745","3,280,911"
Yosemite National Park,2003,"116,984","111,506","137,550","174,337","280,335","445,887","536,683","604,093","405,605","316,366","136,390","112,928","3,378,664"
Yosemite National Park,2002,"108,906","113,695","141,766","186,682","295,511","436,862","513,789","570,914","426,684","300,919","149,828","116,311","3,361,867"
Yosemite National Park,2001,"102,455","101,897","142,141","192,936","315,897","434,014","528,849","591,196","448,519","264,465","137,876","108,486","3,368,731"
Yosemite National Park,2000,"93,633","103,444","136,523","216,087","317,009","454,638","548,440","546,981","388,707","324,484","144,958","125,999","3,400,903"
Yosemite National Park,1999,"100,857","102,345","136,795","169,517","335,374","448,560","558,114","625,405","433,178","330,334","150,843","102,285","3,493,607"
Yosemite National Park,1998,"114,143","109,163","157,257","231,495","307,331","345,916","603,790","672,966","480,941","384,428","142,002","107,700","3,657,132"
Yosemite National Park,1997,"12,520","64,201","136,476","200,212","319,108","460,459","595,059","697,060","516,567","372,171","168,533","127,604","3,669,970"
Yosemite National Park,1996,"104,086","135,115","180,709","253,532","347,364","527,284","622,855","679,862","517,934","365,313","172,037","140,116","4,046,207"
Yosemite National Park,1995,"123,844","151,102","124,710","250,592","279,575","449,511","663,052","656,064","551,886","409,319","210,295","88,456","3,958,406"
Yosemite National Park,1994,"131,216","127,303","186,008","247,425","384,114","495,097","585,940","666,555","511,954","336,448","146,675","143,382","3,962,117"
Yosemite National Park,1993,"101,503","105,315","151,472","246,136","378,548","446,235","604,248","634,588","503,629","368,978","171,108","127,885","3,839,645"
Yosemite National Park,1992,"126,603","120,908","149,651","251,872","425,555","486,890","568,070","586,868","470,798","356,333","163,364","112,606","3,819,518"
Yosemite National Park,1991,"104,673","111,073","117,735","187,607","354,908","396,841","521,822","587,904","441,553","320,769","164,072","114,144","3,423,101"
Yosemite National Park,1990,"99,686","101,236","145,037","237,815","364,549","424,933","482,066","367,502","364,838","276,025","162,254","98,998","3,124,939"
Yosemite National Park,1989,"102,646","96,527","143,858","204,102","377,940","413,068","511,957","524,395","390,364","264,670","163,939","114,693","3,308,159"
Yosemite National Park,1988,"94,583","109,552","153,436","190,484","362,008","404,321","477,167","502,674","385,509","292,886","144,254","99,807","3,216,681"
Yosemite National Park,1987,"94,639","98,799","109,617","192,048","373,894","419,479","487,915","526,850","328,866","281,719","146,909","91,540","3,152,275"
Yosemite National Park,1986,"92,835","74,133","114,441","152,019","291,811","362,173","439,823","522,908","340,843","245,733","151,081","88,917","2,876,717"
Yosemite National Park,1985,"84,266","86,738","101,035","158,974","314,386","375,841","447,936","498,319","344,277","230,095","105,532","84,553","2,831,952"
Yosemite National Park,1984,"75,894","83,589","102,049","147,755","276,877","363,876","414,711","494,860","370,899","217,730","101,528","88,699","2,738,467"
Yosemite National Park,1983,"64,748","64,554","85,104","90,376","214,870","266,832","441,436","473,638","350,841","242,778","87,561","74,726","2,457,464"
Yosemite National Park,1982,"60,817","68,307","70,702","73,259","254,169","363,303","425,198","432,776","303,673","206,821","85,193","71,369","2,415,587"
Yosemite National Park,1981,"60,669","90,274","83,104","152,469","282,531","337,392","404,269","438,123","313,946","190,612","95,862","67,642","2,516,893"
Yosemite National Park,1980,"66,677","75,612","99,896","120,970","212,971","309,470","416,583","470,491","289,108","238,586","118,024","71,894","2,490,282"
Yosemite National Park,1979,"72,701","72,926","87,950","136,275","210,756","301,727","379,640","427,454","293,424","193,825","99,485","74,619","2,350,782"
Zion National Park,2022,"139,827","168,499","446,308","491,625","539,172","569,975","548,636","437,134","423,654","459,697",,,"4,224,527"
Zion National Park,2021,"172,747","160,232","429,455","469,775","610,301","675,799","581,496","466,928","483,180","469,379","308,560","211,983","5,039,835"
Zion National Park,2020,"126,994","133,718","207,400","40,396","178,194","377,425","449,518","450,183","520,987","559,342","319,853","227,244","3,591,254"
Zion National Park,2019,"98,828","102,269","296,316","372,349","529,553","594,896","629,802","535,322","497,443","429,604","230,180","171,706","4,488,268"
Zion National Park,2018,"107,960","127,790","373,523","483,487","500,118","541,464","500,350","459,415","481,507","377,826","218,799","147,794","4,320,033"
Zion National Park,2017,"88,561","110,569","345,476","515,652","509,017","533,252","576,349","529,684","512,940","422,377","222,069","138,866","4,504,812"
Zion National Park,2016,"84,145","117,510","359,920","395,768","447,976","544,890","599,961","477,507","497,825","412,916","232,271","124,438","4,295,127"
Zion National Park,2015,"78,318","106,314","291,118","392,417","400,048","458,546","479,538","455,487","394,201","314,966","180,390","97,503","3,648,846"
Zion National Park,2014,"70,862","74,625","226,424","312,381","391,969","397,753","407,153","391,973","340,855","304,108","169,607","101,986","3,189,696"
Zion National Park,2013,"56,972","64,994","227,899","292,765","313,594","367,217","379,129","345,014","339,593","203,056","141,251","75,903","2,807,387"
Zion National Park,2012,"68,202","74,382","165,242","352,192","343,488","370,280","392,359","364,857","355,140","276,134","140,350","70,981","2,973,607"
Zion National Park,2011,"64,524","67,801","164,037","255,813","325,089","376,453","391,144","360,196","324,727","273,876","145,158","76,687","2,825,505"
Zion National Park,2010,"54,928","62,099","171,079","277,599","304,278","331,185","362,881","332,796","319,838","236,316","143,272","69,701","2,665,972"
Zion National Park,2009,"60,204","62,964","167,246","271,709","296,330","366,004","368,933","372,157","306,161","265,095","132,998","65,601","2,735,402"
Zion National Park,2008,"56,137","62,044","187,814","242,778","302,002","354,527","360,046","368,739","312,606","254,187","126,588","62,686","2,690,154"
Zion National Park,2007,"68,640","71,530","176,622","286,701","281,149","333,005","338,116","337,824","314,290","253,572","129,962","65,870","2,657,281"
Zion National Park,2006,"71,680","70,170","144,186","264,821","277,849","325,124","347,105","337,212","298,587","235,952","128,339","66,325","2,567,350"
Zion National Park,2005,"63,566","70,260","195,530","230,366","283,547","339,849","347,745","340,826","298,465","227,570","118,083","70,858","2,586,665"
Zion National Park,2004,"67,913","81,970","190,919","297,906","295,304","326,499","337,145","338,899","323,156","227,332","113,626","76,673","2,677,342"
Zion National Park,2003,"71,233","72,781","143,284","244,910","304,556","308,634","294,996","312,162","280,970","229,992","119,860","75,414","2,458,792"
Zion National Park,2002,"55,866","66,575","158,518","279,225","301,163","329,355","347,541","322,920","312,931","229,989","112,489","75,973","2,592,545"
Zion National Park,2001,"61,795","53,960","95,231","207,864","210,707","323,759","321,920","344,531","261,476","179,932","105,821","50,783","2,217,779"
Zion National Park,2000,"80,141","73,390","126,843","220,905","239,579","341,054","341,050","331,474","289,827","232,685","105,733","49,667","2,432,348"
Zion National Park,1999,"73,220","69,337","122,668","218,059","218,639","298,448","335,012","373,744","309,215","237,279","124,086","69,957","2,449,664"
Zion National Park,1998,"70,167","62,429","112,119","201,553","230,959","325,129","318,876","359,490","284,343","229,844","112,117","63,022","2,370,048"
Zion National Park,1997,"65,244","68,431","128,143","230,390","226,370","326,154","333,883","367,010","304,847","230,274","104,605","60,183","2,445,534"
Zion National Park,1996,"58,277","70,136","126,044","237,607","238,705","339,727","340,812","372,426","310,840","239,701","102,777","60,949","2,498,001"
Zion National Park,1995,"60,215","70,317","119,841","189,511","202,000","337,268","363,645","377,107","312,443","224,457","119,920","53,438","2,430,162"
Zion National Park,1994,"60,598","55,083","103,289","205,846","198,731","304,478","326,536","361,394","295,720","221,345","90,568","47,283","2,270,871"
Zion National Park,1993,"52,236","50,599","106,142","206,549","220,669","335,945","348,106","376,382","290,893","258,341","92,657","54,061","2,392,580"
Zion National Park,1992,"55,002","58,579","81,606","138,140","257,471","338,363","353,454","415,549","318,549","225,259","89,896","58,758","2,390,626"
Zion National Park,1991,"54,687","64,780","71,951","131,160","255,396","336,422","349,020","362,064","278,614","208,030","80,061","44,812","2,236,997"
Zion National Park,1990,"54,093","48,346","77,423","154,762","237,277","316,983","308,335","340,603","257,272","166,148","98,844","42,314","2,102,400"
Zion National Park,1989,"33,534","38,254","94,224","132,387","235,179","300,330","304,532","321,244","248,105","163,695","86,055","41,317","1,998,856"
Zion National Park,1988,"38,333","46,684","65,640","129,748","208,323","308,566","305,583","314,482","262,166","157,715","71,847","39,245","1,948,332"
Zion National Park,1987,"35,783","37,091","57,095","117,924","203,914","267,237","296,526","300,993","231,095","131,044","61,714","37,203","1,777,619"
Zion National Park,1986,"35,763","35,919","80,728","92,993","246,440","252,715","261,818","269,267","194,138","110,052","50,783","39,887","1,670,503"
Zion National Park,1985,"23,339","30,716","54,763","95,748","201,599","229,265","253,508","253,802","182,744","100,050","44,125","33,613","1,503,272"
Zion National Park,1984,"21,848","26,463","48,492","89,509","160,492","231,037","232,872","226,230","174,514","102,092","42,409","21,296","1,377,254"
Zion National Park,1983,"18,578","24,133","36,086","75,772","183,803","201,746","227,243","202,119","154,567","90,204","37,866","20,913","1,273,030"
Zion National Park,1982,"15,445","20,958","38,731","72,295","146,438","221,168","252,010","196,725","140,672","85,304","32,936","23,608","1,246,290"
Zion National Park,1981,"24,349","22,594","35,058","63,036","132,198","221,905","233,041","262,514","150,219","86,905","34,820","22,169","1,288,808"
Zion National Park,1980,"15,637","17,832","32,537","58,225","134,747","175,129","212,492","212,223","136,648","75,312","32,542","20,522","1,123,846"
Zion National Park,1979,"8,994","12,106","23,079","63,306","122,964","156,734","168,614","187,461","173,883","77,131","29,139","17,117","1,040,528"
Great Smoky Mountains National Park,2022,"409,267","536,592","878,917","1,014,878","1,227,558","1,486,757","1,546,296","1,266,172","1,351,323",,,,"9,717,760"
Great Smoky Mountains National Park,2021,"525,801","502,459","931,060","1,169,469","1,363,183","1,539,247","1,730,987","1,398,161","1,355,599","1,633,547","1,155,227","856,808","14,161,548"
Great Smoky Mountains National Park,2020,"438,509","426,839","487,535","99,371","828,792","1,535,660","1,726,187","1,544,254","1,400,171","1,739,720","1,091,098","777,584","12,095,720"
Great Smoky Mountains National Park,2019,"496,743","421,770","786,305","999,259","1,096,056","1,469,857","1,613,133","1,411,231","1,273,326","1,408,013","851,419","720,631","12,547,743"
Great Smoky Mountains National Park,2018,"320,864","399,156","689,235","820,657","985,145","1,401,741","1,468,273","1,195,360","1,369,637","1,263,665","867,110","640,357","11,421,200"
Great Smoky Mountains National Park,2017,"382,161","457,921","690,615","867,375","907,646","1,304,711","1,492,508","1,235,188","1,282,168","1,336,369","817,238","564,993","11,338,893"
Great Smoky Mountains National Park,2016,"379,730","353,532","778,211","859,420","1,018,224","1,364,138","1,464,456","1,183,778","1,165,098","1,466,584","810,894","468,721","11,312,786"
Great Smoky Mountains National Park,2015,"373,315","244,214","598,835","794,886","1,017,955","1,307,646","1,441,603","1,208,882","1,096,723","1,353,454","707,576","567,585","10,712,674"
Great Smoky Mountains National Park,2014,"275,353","296,451","509,454","724,987","900,900","1,305,063","1,445,328","1,213,262","978,105","1,303,450","636,596","510,327","10,099,276"
Great Smoky Mountains National Park,2013,"265,633","252,437","465,594","636,677","885,960","1,321,821","1,399,567","1,040,021","1,060,237","847,616","688,430","490,702","9,354,695"
Great Smoky Mountains National Park,2012,"269,282","353,390","611,326","745,545","799,760","1,202,056","1,392,067","1,081,025","982,942","1,144,273","623,636","480,527","9,685,829"
Great Smoky Mountains National Park,2011,"214,609","315,206","502,501","690,037","727,237","1,121,001","1,342,491","1,002,603","882,269","1,133,530","605,743","471,603","9,008,830"
Great Smoky Mountains National Park,2010,"303,318","239,587","505,950","848,946","792,980","1,359,978","1,403,978","947,311","845,410","1,252,357","621,211","342,512","9,463,538"
Great Smoky Mountains National Park,2009,"323,614","334,515","521,140","770,585","788,974","1,181,938","1,404,034","1,035,277","845,655","1,052,137","708,797","524,771","9,491,437"
Great Smoky Mountains National Park,2008,"322,865","340,558","553,078","628,593","783,847","1,063,589","1,257,396","1,049,206","819,816","1,096,711","652,023","476,328","9,044,010"
Great Smoky Mountains National Park,2007,"350,818","342,540","564,878","701,353","810,438","1,116,371","1,313,210","1,011,693","951,432","1,092,798","677,203","439,519","9,372,253"
Great Smoky Mountains National Park,2006,"363,998","332,912","557,555","725,298","732,978","1,113,186","1,280,865","920,331","928,487","1,128,927","702,589","502,089","9,289,215"
Great Smoky Mountains National Park,2005,"345,009","347,144","524,650","652,265","767,056","1,124,130","1,333,994","997,352","854,342","1,054,311","721,684","470,540","9,192,477"
Great Smoky Mountains National Park,2004,"307,017","336,212","506,804","675,350","774,049","1,076,888","1,355,683","1,002,046","876,758","1,158,267","630,539","467,433","9,167,046"
Great Smoky Mountains National Park,2003,"305,430","332,223","533,896","701,080","780,366","1,156,774","1,326,666","1,109,676","807,827","1,239,051","658,929","414,927","9,366,845"
Great Smoky Mountains National Park,2002,"287,352","350,391","522,266","674,470","789,882","1,159,339","1,359,477","1,090,431","947,207","1,104,852","676,504","354,249","9,316,420"
Great Smoky Mountains National Park,2001,"297,855","362,356","467,539","706,543","758,423","1,085,811","1,373,170","1,121,119","989,884","1,095,602","595,586","343,809","9,197,697"
Great Smoky Mountains National Park,2000,"311,269","443,683","525,438","725,456","847,421","1,167,097","1,703,605","1,147,933","1,009,287","1,208,590","668,947","417,086","10,175,812"
Great Smoky Mountains National Park,1999,"302,467","352,912","454,227","745,755","877,679","1,250,890","1,674,267","1,206,176","1,081,556","1,136,547","741,325","459,797","10,283,598"
Great Smoky Mountains National Park,1998,"263,020","325,269","472,838","696,321","847,434","1,145,571","1,672,297","1,184,421","1,047,938","1,179,433","729,487","425,366","9,989,395"
Great Smoky Mountains National Park,1997,"238,794","338,695","483,391","652,729","764,021","1,091,996","1,743,996","1,362,372","1,029,761","1,181,685","624,029","453,606","9,965,075"
Great Smoky Mountains National Park,1996,"230,199","380,652","387,653","651,175","774,385","1,137,719","1,394,781","1,156,114","970,447","1,182,349","552,780","447,413","9,265,667"
Great Smoky Mountains National Park,1995,"264,477","277,224","445,804","678,827","691,175","1,165,049","1,351,579","1,171,837","953,804","1,070,437","532,510","477,697","9,080,420"
Great Smoky Mountains National Park,1994,"249,289","293,089","401,451","619,504","708,517","966,509","1,328,303","1,227,940","884,902","1,049,209","490,559","408,902","8,628,174"
Great Smoky Mountains National Park,1993,"339,368","295,074","293,778","595,500","771,472","1,081,371","1,558,223","1,335,131","1,004,463","1,165,569","500,087","343,812","9,283,848"
Great Smoky Mountains National Park,1992,"284,355","300,251","372,618","645,468","761,708","1,028,665","1,442,585","1,169,735","923,424","1,184,533","471,507","346,841","8,931,690"
Great Smoky Mountains National Park,1991,"192,460","233,412","347,276","585,688","734,033","1,035,972","1,409,216","1,311,019","905,908","1,141,505","454,762","303,208","8,654,459"
Great Smoky Mountains National Park,1990,"189,278","234,866","373,267","596,641","626,377","1,061,642","1,394,539","1,157,840","913,993","888,411","467,715","247,200","8,151,769"
Great Smoky Mountains National Park,1989,"213,529","199,584","340,842","506,690","812,193","1,195,096","1,339,906","1,230,564","809,478","1,076,715","418,785","190,171","8,333,553"
Great Smoky Mountains National Park,1988,"170,684","175,550","309,014","504,296","664,326","1,245,652","1,669,578","1,470,611","986,914","969,400","389,468","215,288","8,770,781"
Great Smoky Mountains National Park,1987,"260,147","227,936","414,925","569,557","868,493","1,316,697","1,627,542","1,512,732","990,046","1,576,500","568,460","276,806","10,209,841"
Great Smoky Mountains National Park,1986,"206,496","200,270","456,909","648,885","825,357","1,283,519","1,761,918","1,400,438","920,431","1,285,355","560,364","286,364","9,836,306"
Great Smoky Mountains National Park,1985,"173,985","198,370","421,954","598,858","631,697","1,215,802","1,610,633","1,391,083","996,027","1,340,475","503,174","237,232","9,319,290"
Great Smoky Mountains National Park,1984,"157,610","231,147","300,499","545,683","638,056","1,140,590","1,444,870","1,281,509","925,574","1,133,674","430,276","278,902","8,508,390"
Great Smoky Mountains National Park,1983,"175,036","211,183","288,660","471,963","682,613","1,059,355","1,525,959","1,252,083","880,366","1,266,199","433,778","188,280","8,435,475"
Great Smoky Mountains National Park,1982,"136,548","182,549","239,607","519,507","861,200","1,079,651","1,317,822","1,186,826","885,909","1,227,267","341,524","199,459","8,177,869"
Great Smoky Mountains National Park,1981,"195,467","200,825","270,349","605,239","736,726","1,079,198","1,378,610","1,367,634","813,246","1,107,413","357,166","201,011","8,312,884"
Great Smoky Mountains National Park,1980,"207,662","192,198","259,715","553,448","715,996","1,105,867","1,439,447","1,410,230","802,476","1,075,611","447,716","230,587","8,440,953"
Great Smoky Mountains National Park,1979,"130,261","160,764","309,163","650,485","666,017","994,065","1,324,322","1,274,155","779,102","1,114,291","377,640","239,523","8,019,788"
Yellowstone National Park,2022,"45,528","47,300","35,616","79,328","523,680","536,757","596,562","582,211","567,587",0,,,"3,014,569"
Yellowstone National Park,2021,"35,338","36,897","35,611","67,508","473,799","938,845","1,080,767","921,844","882,078","316,662","33,144","37,749","4,860,242"
Yellowstone National Park,2020,"25,234","41,880","32,516",0,"46,219","573,205","955,645","881,829","837,114","359,889","24,132","28,643","3,806,306"
Yellowstone National Park,2019,"33,896","31,650","28,695","48,150","434,385","781,853","936,062","820,006","693,118","171,339","15,628","25,506","4,020,288"
Yellowstone National Park,2018,"29,179","34,263","22,741","37,766","446,875","810,884","940,563","813,970","724,454","218,076","13,849","22,380","4,115,000"
Yellowstone National Park,2017,"29,518","32,275","23,897","45,160","419,635","803,652","962,404","916,166","640,068","211,987","10,468","21,294","4,116,524"
Yellowstone National Park,2016,"30,621","36,327","22,924","59,253","444,630","838,316","995,917","841,036","701,754","242,004","24,710","19,685","4,257,177"
Yellowstone National Park,2015,"28,091","34,343","22,989","46,600","386,064","780,768","980,702","854,408","680,213","252,013","11,049","20,470","4,097,710"
Yellowstone National Park,2014,"26,778","28,233","18,778","31,356","310,039","669,642","858,856","773,357","571,764","194,804","11,537","18,340","3,513,484"
Yellowstone National Park,2013,"24,699","31,053","18,613","24,606","293,250","624,429","812,212","725,136","557,925","47,560","11,169","17,378","3,188,030"
Yellowstone National Park,2012,"24,766","27,752","20,248","29,056","268,251","671,825","888,335","780,286","527,610","177,069","14,059","18,472","3,447,729"
Yellowstone National Park,2011,"24,517","28,174","18,728","28,147","207,842","634,316","906,935","805,173","536,349","175,433","12,198","16,514","3,394,326"
Yellowstone National Park,2010,"25,595","29,108","21,028","32,763","250,445","694,841","957,785","854,837","550,504","189,072","16,819","17,388","3,640,185"
Yellowstone National Park,2009,"24,770","28,355","17,317","24,831","261,763","643,844","900,515","752,983","489,438","123,867","9,397","18,107","3,295,187"
Yellowstone National Park,2008,"26,864","33,557","19,147","24,433","217,938","593,405","808,110","731,063","437,552","145,488","12,671","16,352","3,066,580"
Yellowstone National Park,2007,"25,476","30,928","20,225","27,798","264,203","609,606","822,773","710,781","463,994","139,789","15,362","20,408","3,151,343"
Yellowstone National Park,2006,"23,989","29,011","18,879","29,381","230,762","557,213","738,807","635,666","428,369","146,790","12,382","19,046","2,870,295"
Yellowstone National Park,2005,"22,297","29,018","17,324","26,116","225,811","560,014","743,165","647,288","393,362","142,912","11,505","16,839","2,835,651"
Yellowstone National Park,2004,"22,817","30,030","20,187","32,434","216,905","584,925","732,682","657,869","406,327","135,605","13,939","14,597","2,868,317"
Yellowstone National Park,2003,"36,387","39,494","17,718","28,877","206,245","580,919","809,689","698,753","404,498","175,877","7,967","12,951","3,019,375"
Yellowstone National Park,2002,"40,465","52,002","23,305","15,904","228,642","568,144","794,929","663,266","413,960","142,702","11,235","19,123","2,973,677"
Yellowstone National Park,2001,"44,356","48,980","18,485","28,341","229,085","507,737","724,735","613,965","373,583","121,958","19,585","27,716","2,758,526"
Yellowstone National Park,2000,"37,301","47,573","20,404","27,869","214,814","553,892","768,040","634,104","353,728","139,784","13,422","27,302","2,838,233"
Yellowstone National Park,1999,"34,346","41,120","23,067","27,128","203,727","580,624","832,685","760,062","445,057","142,049","16,230","25,286","3,131,381"
Yellowstone National Park,1998,"33,845","43,032","17,894","29,689","222,385","549,396","829,683","764,238","445,741","150,079","9,106","25,742","3,120,830"
Yellowstone National Park,1997,"31,155","42,392","19,324","21,526","191,985","512,895","774,327","737,973","403,184","120,266","9,983","24,503","2,889,513"
Yellowstone National Park,1996,"32,871","51,692","27,162","24,321","187,045","539,368","818,964","753,934","426,806","118,902","10,473","20,633","3,012,171"
Yellowstone National Park,1995,"40,868","48,034","21,157","26,147","201,797","550,978","847,003","773,307","468,062","128,483","11,635","7,814","3,125,285"
Yellowstone National Park,1994,"40,757","44,946","27,859","36,280","233,737","541,704","831,152","731,012","414,848","106,646","7,953","29,251","3,046,145"
Yellowstone National Park,1993,"38,100","44,049","31,768","24,013","191,222","525,378","768,164","714,408","401,124","125,107","18,899","29,961","2,912,193"
Yellowstone National Park,1992,"33,552","40,245","19,615","51,933","257,951","539,959","799,411","742,879","462,788","159,842","8,646","27,584","3,144,405"
Yellowstone National Park,1991,"28,851","38,050","19,946","19,875","188,798","499,107","796,656","721,103","432,948","144,944","6,261","23,998","2,920,537"
Yellowstone National Park,1990,"25,884","33,285","19,372","29,242","203,712","526,586","760,520","674,454","414,563","111,145","8,117","16,692","2,823,572"
Yellowstone National Park,1989,"24,328","30,768","22,163","25,292","216,163","467,193","696,587","608,248","403,579","123,454","6,791","19,876","2,644,442"
Yellowstone National Park,1988,"25,706","35,936","18,470","22,999","175,285","442,400","636,295","440,130","176,833","170,504","18,510","19,045","2,182,113"
Yellowstone National Park,1987,"27,238","32,559","12,310","31,938","185,705","447,465","685,128","626,537","361,842","122,637","19,842","19,993","2,573,194"
Yellowstone National Park,1986,"24,708","29,684","20,165","21,681","147,767","427,968","663,205","614,295","295,089","94,106","6,414","18,674","2,363,756"
Yellowstone National Park,1985,"20,919","30,590","9,611","21,994","159,597","401,168","648,994","572,352","261,850","72,944","6,726","19,414","2,226,159"
Yellowstone National Park,1984,"18,864","30,067","11,372","18,303","127,555","379,837","667,307","586,631","287,141","76,118","2,273","16,559","2,222,027"
Yellowstone National Park,1983,"18,329","25,647","15,671","17,935","123,437","396,890","704,745","604,247","314,919","103,385","11,955","10,082","2,347,242"
Yellowstone National Park,1982,"22,523","32,204","25,325","28,584","148,257","413,052","688,061","626,834","281,287","74,181","16,673","11,916","2,368,897"
Yellowstone National Park,1981,"24,924","28,590","19,305","21,342","158,762","421,817","701,758","651,977","346,906","91,385","30,202","24,863","2,521,831"
Yellowstone National Park,1980,"24,757","36,373","28,112","32,466","101,988","325,211","557,810","523,549","229,396","93,240","25,773","21,594","2,000,269"
Yellowstone National Park,1979,"23,605","31,992","17,813","34,095","108,952","313,924","493,902","493,915","262,786","76,542","12,698","22,684","1,892,908"
Grand Canyon National Park,2022,"180,094","191,984","392,273","438,576","496,238","510,239","543,760","500,265","439,611",,,,"3,693,040"
Grand Canyon National Park,2021,"164,922","161,428","317,054","421,232","484,442","538,530","556,766","430,684","399,321","430,734","346,971","280,593","4,532,677"
Grand Canyon National Park,2020,"246,460","252,897","276,002",0,"43,397","232,267","350,003","303,900","249,010","421,568","275,764","245,830","2,897,098"
Grand Canyon National Park,2019,"225,056","213,050","451,228","562,265","618,598","643,821","756,860","700,896","578,852","551,558","347,847","324,380","5,974,411"
Grand Canyon National Park,2018,"257,366","265,949","503,284","549,416","637,703","673,474","799,765","744,826","615,783","555,094","408,794","369,041","6,380,495"
Grand Canyon National Park,2017,"217,102","239,154","502,739","590,006","606,247","726,916","837,258","745,613","571,946","529,825","349,326","338,106","6,254,238"
Grand Canyon National Park,2016,"189,103","214,361","504,295","464,922","588,591","700,421","839,086","743,158","578,006","517,791","333,204","296,873","5,969,811"
Grand Canyon National Park,2015,"191,781","224,311","437,563","486,989","541,338","614,938","714,911","793,412","525,090","444,363","273,558","272,482","5,520,736"
Grand Canyon National Park,2014,"173,458","176,364","353,920","320,348","463,713","563,375","621,953","671,027","488,359","410,933","256,705","256,616","4,756,771"
Grand Canyon National Park,2013,"143,405","145,356","359,799","375,899","468,178","613,479","728,543","633,026","465,665","197,742","217,733","216,015","4,564,840"
Grand Canyon National Park,2012,"141,357","141,305","291,120","389,777","416,363","549,688","647,953","610,680","448,925","376,225","221,927","186,032","4,421,352"
Grand Canyon National Park,2011,"139,029","120,726","304,583","388,363","419,569","544,089","654,871","595,265","410,636","348,203","201,809","171,035","4,298,178"
Grand Canyon National Park,2010,"120,409","124,573","312,903","375,136","399,037","555,941","647,636","629,167","477,863","359,758","219,474","166,489","4,388,386"
Grand Canyon National Park,2009,"135,463","132,865","310,717","393,469","432,940","529,833","658,993","600,442","425,737","352,207","214,355","161,047","4,348,068"
Grand Canyon National Park,2008,"123,600","146,730","358,409","377,542","453,651","530,291","644,915","633,985","433,030","359,396","209,843","153,922","4,425,314"
Grand Canyon National Park,2007,"139,636","155,049","332,226","431,874","443,773","515,106","604,185","580,670","424,493","362,602","235,217","188,837","4,413,668"
Grand Canyon National Park,2006,"163,222","178,982","296,498","419,253","451,576","509,456","578,208","507,951","399,117","352,556","239,306","183,314","4,279,439"
Grand Canyon National Park,2005,"132,660","151,719","356,357","380,473","444,253","594,410","611,813","572,431","392,835","335,518","230,597","198,456","4,401,522"
Grand Canyon National Park,2004,"150,345","148,379","313,056","409,645","444,078","529,486","625,584","549,643","425,037","333,874","219,953","177,154","4,326,234"
Grand Canyon National Park,2003,"156,481","148,388","274,120","340,245","398,371","536,251","603,109","550,855","377,719","335,317","220,124","183,920","4,124,900"
Grand Canyon National Park,2002,"141,451","147,784","295,462","331,852","408,987","502,154","568,408","520,331","368,543","324,351","217,586","175,065","4,001,974"
Grand Canyon National Park,2001,"152,246","133,442","304,407","363,932","446,090","517,870","620,638","565,883","348,445","287,259","192,539","172,058","4,104,809"
Grand Canyon National Park,2000,"153,667","159,129","310,278","392,888","459,685","528,779","624,033","590,701","474,295","368,560","205,567","192,646","4,460,228"
Grand Canyon National Park,1999,"154,225","168,127","367,827","345,769","456,674","564,036","655,350","608,486","491,822","378,777","206,084","177,947","4,575,124"
Grand Canyon National Park,1998,"133,187","135,141","248,949","401,811","444,044","532,945","586,676","600,640","421,853","375,993","209,611","148,832","4,239,682"
Grand Canyon National Park,1997,"133,291","174,087","347,740","324,011","465,990","540,275","730,341","591,024","599,107","444,433","251,808","189,561","4,791,668"
Grand Canyon National Park,1996,"147,909","171,968","302,054","364,219","477,093","577,194","691,310","580,705","499,011","387,665","188,612","149,963","4,537,703"
Grand Canyon National Park,1995,"124,843","158,170","286,118","371,843","464,743","665,255","678,871","678,492","439,849","381,572","166,568","141,321","4,557,645"
Grand Canyon National Park,1994,"137,426","136,008","321,076","317,331","430,834","539,256","684,303","656,675","447,284","348,792","192,207","153,124","4,364,316"
Grand Canyon National Park,1993,"113,555","124,186","267,508","326,969","462,722","610,570","755,833","744,485","481,004","356,060","186,556","146,154","4,575,602"
Grand Canyon National Park,1992,"106,718","129,889","215,840","344,954","434,452","553,547","658,700","648,030","468,743","325,158","184,552","132,962","4,203,545"
Grand Canyon National Park,1991,"119,713","137,010","173,728","262,163","420,242","530,436","583,108","561,165","451,446","361,865","181,771","103,384","3,886,031"
Grand Canyon National Park,1990,"118,005","131,958","256,088","314,388","410,498","472,277","534,498","528,984","403,743","283,512","197,985","124,749","3,776,685"
Grand Canyon National Park,1989,"107,390","128,648","261,150","280,218","409,344","543,782","542,509","536,221","440,897","345,439","225,092","145,519","3,966,209"
Grand Canyon National Park,1988,"96,995","133,142","273,551","240,519","387,946","523,647","557,670","550,873","462,806","328,960","196,874","106,903","3,859,886"
Grand Canyon National Park,1987,"94,561","110,009","188,661","294,786","352,013","457,635","485,310","525,178","425,004","299,263","168,321","112,289","3,513,030"
Grand Canyon National Park,1986,"75,573","94,361","201,642","215,037","318,732","407,145","456,542","437,652","312,678","247,244","151,811","117,370","3,035,787"
Grand Canyon National Park,1985,"54,330","66,986","143,335","217,613","295,024","391,629","411,347","366,036","304,431","240,488","114,023","106,287","2,711,529"
Grand Canyon National Park,1984,"60,598","72,688","123,699","169,412","249,813","332,759","369,741","260,758","220,356","148,330","104,114","61,316","2,173,584"
Grand Canyon National Park,1983,"49,146","65,862","118,768","141,134","233,043","364,817","400,961","305,589","226,922","181,782","94,483","65,575","2,248,082"
Grand Canyon National Park,1982,"44,969","58,210","106,235","167,891","212,009","372,127","369,983","364,548","254,192","188,615","90,586","63,762","2,293,127"
Grand Canyon National Park,1981,"87,337","88,570","119,264","205,490","244,709","364,113","398,756","378,831","247,606","185,318","83,734","68,542","2,472,270"
Grand Canyon National Park,1980,"55,634","40,800","111,283","135,657","300,940","231,093","382,961","379,099","264,391","194,043","119,440","89,632","2,304,973"
Grand Canyon National Park,1979,"37,002","46,043","91,927","123,643","205,048","297,877","338,935","350,694","294,206","187,335","98,410","60,596","2,131,716"
Rocky Mountain National Park,2022,"130,331","101,109","145,752","153,666","286,464","627,860","811,861","665,531","650,863",,,,"3,573,437"
Rocky Mountain National Park,2021,"140,715","133,771","155,819","183,792","335,060","671,232","904,767","746,343","521,233","352,736","164,992","124,388","4,434,848"
Rocky Mountain National Park,2020,"126,866","110,667","97,690",0,"63,051","491,355","723,478","580,368","500,019","297,665","157,875","156,165","3,305,199"
Rocky Mountain National Park,2019,"118,152","99,873","146,414","160,259","280,351","698,224","973,992","830,039","752,320","374,003","123,376","113,050","4,670,053"
Rocky Mountain National Park,2018,"111,422","84,245","156,434","151,975","305,993","720,822","931,929","798,306","784,480","312,757","125,349","106,781","4,590,493"
Rocky Mountain National Park,2017,"95,602","98,832","145,110","158,360","263,222","741,247","885,478","782,625","681,160","332,526","140,223","112,830","4,437,215"
Rocky Mountain National Park,2016,"115,207","105,125","135,053","129,967","285,868","700,990","912,507","772,849","711,110","398,525","158,553","91,831","4,517,585"
Rocky Mountain National Park,2015,"98,928","85,123","134,304","116,959","259,711","608,796","858,426","765,579","644,350","371,558","118,398","93,784","4,155,916"
Rocky Mountain National Park,2014,"77,633","76,881","99,077","97,100","220,532","538,725","693,685","616,826","537,694","305,651","90,915","80,032","3,434,751"
Rocky Mountain National Park,2013,"78,022","68,831","89,691","90,379","239,184","602,508","712,583","621,852","253,467","66,275","86,379","81,970","2,991,141"
Rocky Mountain National Park,2012,"68,537","62,036","104,374","117,053","228,950","500,206","651,722","589,131","527,172","219,946","93,714","66,776","3,229,617"
Rocky Mountain National Park,2011,"68,641","50,540","73,760","77,183","163,587","500,733","743,741","620,534","483,780","264,617","68,076","61,749","3,176,941"
Rocky Mountain National Park,2010,"64,618","44,576","70,117","69,097","180,710","441,738","668,418","574,638","461,942","245,770","67,862","66,335","2,955,821"
Rocky Mountain National Park,2009,"70,858","58,375","75,022","58,842","207,827","426,453","626,907","568,455","443,488","171,959","67,894","46,245","2,822,325"
Rocky Mountain National Park,2008,"62,228","58,860","71,260","63,083","165,489","420,334","611,760","533,886","424,613","213,467","74,914","57,496","2,757,390"
Rocky Mountain National Park,2007,"51,340","51,929","77,306","75,190","188,187","468,770","653,885","559,939","442,327","204,583","70,953","50,974","2,895,383"
Rocky Mountain National Park,2006,"55,549","51,901","59,636","73,816","187,936","451,277","641,178","516,531","412,722","177,716","61,323","54,091","2,743,676"
Rocky Mountain National Park,2005,"60,206","61,932","60,125","60,341","178,599","417,346","658,903","556,353","406,772","199,748","79,707","58,336","2,798,368"
Rocky Mountain National Park,2004,"57,795","58,503","79,540","62,595","179,887","421,739","633,725","561,913","407,864","200,180","52,173","65,985","2,781,899"
Rocky Mountain National Park,2003,"61,472","48,224","63,999","69,226","198,771","457,861","678,086","626,473","465,941","262,699","69,681","64,823","3,067,256"
Rocky Mountain National Park,2002,"64,696","62,365","78,997","72,485","228,491","491,045","653,677","598,693","428,493","183,445","57,455","68,633","2,988,475"
Rocky Mountain National Park,2001,"62,319","66,820","73,736","82,007","198,797","499,970","749,500","616,789","463,160","184,616","81,020","60,951","3,139,685"
Rocky Mountain National Park,2000,"67,728","74,328","83,498","82,564","211,790","483,925","735,598","597,407","448,191","242,240","85,145","72,978","3,185,392"
Rocky Mountain National Park,1999,"60,871","74,798","87,163","58,644","187,697","471,035","739,167","644,694","466,394","228,197","94,367","73,296","3,186,323"
Rocky Mountain National Park,1998,"64,192","61,194","70,334","67,735","198,448","453,744","683,467","636,460","445,728","227,638","69,927","56,555","3,035,422"
Rocky Mountain National Park,1997,"60,995","55,496","82,957","54,619","182,301","477,849","672,256","635,015","408,657","211,588","65,166","58,455","2,965,354"
Rocky Mountain National Park,1996,"50,604","56,462","69,517","73,462","177,831","442,730","669,291","658,613","405,585","194,353","61,799","63,508","2,923,755"
Rocky Mountain National Park,1995,"72,264","55,526","62,216","63,517","107,774","401,034","643,304","718,453","404,990","237,056","69,520","42,515","2,878,169"
Rocky Mountain National Park,1994,"66,336","46,474","64,501","73,383","140,442","454,741","637,208","691,826","486,600","200,637","65,256","41,046","2,968,450"
Rocky Mountain National Park,1993,"53,780","39,962","52,511","65,790","120,708","424,670","623,451","654,327","423,570","230,972","48,776","41,825","2,780,342"
Rocky Mountain National Park,1992,"60,038","48,476","58,478","80,217","160,788","408,630","606,764","623,634","440,843","218,570","47,490","34,940","2,788,868"
Rocky Mountain National Park,1991,"50,910","57,547","56,241","67,986","118,351","434,810","614,118","642,734","385,524","237,608","43,136","42,816","2,751,781"
Rocky Mountain National Park,1990,"53,565","49,896","65,280","60,274","108,881","435,279","560,806","646,018","392,873","164,130","73,064","37,257","2,647,323"
Rocky Mountain National Park,1989,"60,075","52,050","60,381","52,044","92,436","370,174","590,130","600,617","358,910","183,199","54,061","28,838","2,502,915"
Rocky Mountain National Park,1988,"58,824","52,367","56,677","57,933","91,676","399,197","568,028","617,184","371,318","178,657","55,402","36,948","2,544,211"
Rocky Mountain National Park,1987,"77,184","52,922","54,316","59,363","136,049","365,757","546,231","621,584","359,746","171,484","50,425","36,803","2,531,864"
Rocky Mountain National Park,1986,"74,949","38,588","58,001","67,259","111,710","303,208","547,751","643,670","338,915","126,243","45,674","52,266","2,408,234"
Rocky Mountain National Park,1985,"68,416","47,012","55,707","58,854","117,475","327,505","501,624","585,115","304,574","87,250","52,986","42,336","2,248,854"
Rocky Mountain National Park,1984,"51,124","49,126","46,210","46,736","75,806","303,393","514,848","605,465","355,768","93,927","52,850","36,195","2,231,448"
Rocky Mountain National Park,1983,"67,598","70,480","60,310","79,542","91,340","322,393","552,473","625,132","432,745","193,914","76,969","26,110","2,599,006"
Rocky Mountain National Park,1982,"65,547","59,558","64,554","74,092","106,375","366,311","573,923","613,132","360,870","177,760","51,377","50,617","2,564,116"
Rocky Mountain National Park,1981,"52,645","47,256","63,637","78,529","130,744","439,671","674,786","677,202","430,738","202,193","51,650","62,191","2,911,242"
Rocky Mountain National Park,1980,"42,902","59,403","58,790","64,299","93,210","410,449","573,465","609,383","389,771","219,495","51,344","69,426","2,641,937"
Rocky Mountain National Park,1979,"53,585","85,931","75,070","66,873","79,577","368,257","553,294","600,221","376,202","198,374","50,283","60,863","2,568,530"
Acadia National Park,2022,"10,411","13,045","22,476","105,126","327,466","603,023","791,358","785,236","697,234",,,,"3,355,375"
Acadia National Park,2021,"20,268","16,123","38,060","110,096","324,654","661,919","782,146","795,437","667,301","557,624","81,089","14,381","4,069,098"
Acadia National Park,2020,"12,640","13,459","28,539","55,713","103,120","201,156","493,971","681,746","500,320","480,859","76,251","21,260","2,669,034"
Acadia National Park,2019,"8,532","9,154","20,161","68,046","226,156","490,720","756,439","759,735","603,273","436,194","46,011","12,865","3,437,286"
Acadia National Park,2018,"11,974","12,167","23,756","72,858","249,050","499,163","759,165","767,219","600,397","488,204","40,930","12,692","3,537,575"
Acadia National Park,2017,"15,520","14,342","20,936","85,267","222,978","476,191","743,529","762,436","595,388","507,594","53,006","12,084","3,509,271"
Acadia National Park,2016,"17,204","16,530","28,121","94,199","217,147","445,410","696,854","735,945","570,434","412,416","55,022","14,111","3,303,393"
Acadia National Park,2015,"12,578","10,626","18,062","63,214","187,205","359,661","606,597","666,767","479,320","344,362","48,912","13,880","2,811,184"
Acadia National Park,2014,"10,459","10,258","17,502","57,211","153,013","338,845","561,073","638,152","418,173","313,920","31,013","13,510","2,563,129"
Acadia National Park,2013,"11,249","9,869","20,631","47,090","133,653","315,791","555,308","617,306","400,400","94,904","41,181","7,540","2,254,922"
Acadia National Park,2012,"11,930","12,388","22,684","59,471","157,406","309,198","539,234","574,307","391,810","302,932","38,385","11,307","2,431,052"
Acadia National Park,2011,"10,428","9,533","19,510","58,307","132,720","297,222","559,892","583,153","387,868","270,477","34,192","11,343","2,374,645"
Acadia National Park,2010,"10,510","13,398","26,080","57,992","169,898","286,635","545,382","627,918","431,001","289,114","36,736","9,544","2,504,208"
Acadia National Park,2009,"9,366","9,751","19,258","59,277","129,885","244,780","457,622","586,446","399,789","258,007","44,042","9,475","2,227,698"
Acadia National Park,2008,"10,744","11,131","17,489","53,798","125,679","263,542","470,295","514,443","319,582","246,533","32,759","9,862","2,075,857"
Acadia National Park,2007,"12,415","11,068","19,220","61,775","132,152","273,765","461,894","544,892","371,217","263,311","41,449","9,070","2,202,228"
Acadia National Park,2006,"13,494","12,924","21,695","59,034","120,889","244,333","476,631","506,833","330,649","249,850","33,903","13,353","2,083,588"
Acadia National Park,2005,"10,810","11,831","18,917","59,773","110,330","275,175","468,512","519,350","321,070","207,599","37,101","11,016","2,051,484"
Acadia National Park,2004,"11,861","14,266","20,952","60,180","134,597","305,134","471,406","524,675","357,146","261,284","34,125","12,221","2,207,847"
Acadia National Park,2003,"22,917","21,993","34,274","68,444","135,443","309,230","547,836","595,191","376,060","262,412","44,294","12,968","2,431,062"
Acadia National Park,2002,"15,309","25,071","34,498","72,528","163,145","325,441","571,119","636,824","392,531","271,312","36,589","14,205","2,558,572"
Acadia National Park,2001,"18,090","23,926","35,473","76,007","157,353","325,242","558,641","630,240","377,456","257,280","41,353","15,490","2,516,551"
Acadia National Park,2000,"22,500","23,848","35,423","78,555","166,456","319,208","547,929","594,904","378,135","253,626","33,693","14,961","2,469,238"
Acadia National Park,1999,"16,430","17,162","33,688","82,993","174,610","315,980","562,996","639,073","426,024","277,644","39,416","16,211","2,602,227"
Acadia National Park,1998,"16,726","17,028","27,500","81,896","148,052","307,208","565,477","701,097","391,378","266,138","55,225","16,772","2,594,497"
Acadia National Park,1997,"16,292","17,230","27,035","77,005","132,194","340,064","622,847","758,140","404,808","287,171","57,810","19,710","2,760,306"
Acadia National Park,1996,"17,655","15,576","32,452","76,597","166,290","327,723","571,017","714,090","426,562","280,577","56,828","19,464","2,704,831"
Acadia National Park,1995,"14,894","20,510","32,120","86,198","175,550","355,270","626,947","753,799","439,553","271,606","54,121","14,810","2,845,378"
Acadia National Park,1994,"13,364","18,112","29,086","58,788","182,781","311,803","617,622","720,079","421,106","268,779","48,907","20,322","2,710,749"
Acadia National Park,1993,"19,402","15,556","29,040","57,707","192,823","300,647","586,449","719,671","417,317","254,615","43,755","19,052","2,656,034"
Acadia National Park,1992,"17,510","21,110","30,312","63,276","164,400","262,173","539,109","615,843","391,798","211,573","46,316","18,693","2,382,113"
Acadia National Park,1991,"24,588","14,667","31,291","75,738","157,252","295,348","574,529","640,990","377,904","224,497","45,518","13,535","2,475,857"
Acadia National Park,1990,"16,084","13,383","30,060","17,898","148,090","290,533","554,953","645,522","355,864","207,770","47,633","11,801","2,339,591"
Acadia National Park,1989,"41,114","42,012","74,773","324,714","579,272","704,488","999,535","1,045,060","666,669","610,334","302,857","50,124","5,440,952"
Acadia National Park,1988,"43,462","30,060","54,253","223,653","448,299","582,015","799,802","909,762","601,530","455,637","303,503","50,307","4,502,283"
Acadia National Park,1987,"35,579","35,766","56,924","292,358","444,265","523,486","751,309","786,970","562,309","444,810","299,699","54,679","4,288,154"
Acadia National Park,1986,"28,369","33,055","47,390","257,926","411,604","486,835","717,864","809,273","488,247","407,396","204,770","36,325","3,929,054"
Acadia National Park,1985,"31,360","23,261","46,315","261,410","341,775","432,926","725,951","816,294","451,026","373,037","206,970","35,245","3,745,570"
Acadia National Park,1984,"24,273","26,185","37,289","229,638","271,964","458,908","790,392","865,843","443,622","361,873","194,735","30,041","3,734,763"
Acadia National Park,1983,"23,771","24,667","25,576","207,347","287,861","435,142","916,474","715,624","668,981","529,524","262,444","27,228","4,124,639"
Acadia National Park,1982,"21,425","22,210","36,866","193,208","261,452","404,915","737,860","574,164","541,721","446,170","303,753","28,370","3,572,114"
Acadia National Park,1981,"23,330","16,207","21,923","188,071","212,500","366,518","545,981","616,233","463,823","313,788","203,741","25,857","2,997,972"
Acadia National Park,1980,"8,966","8,225","7,505","182,879","209,301","359,552","533,885","633,067","282,636","332,937","200,461","20,252","2,779,666"
Acadia National Park,1979,"6,011","5,243","11,165","219,351","339,416","543,205","383,341","466,928","320,138","300,976","183,750","7,842","2,787,366"
Grand Teton National Park,2022,"59,920","62,198","66,862","67,541","235,020","497,531","558,710","539,171","450,185",,,,"2,537,138"
Grand Teton National Park,2021,"66,585","53,108","74,754","87,739","364,876","757,897","835,846","703,118","579,888","247,945","61,674","51,800","3,885,230"
Grand Teton National Park,2020,"51,648","55,197","51,455",0,"123,756","468,201","755,766","710,198","603,789","351,173","57,039","61,416","3,289,638"
Grand Teton National Park,2019,"56,635","43,913","65,864","59,105","278,529","625,441","775,788","702,022","517,265","186,487","48,132","46,433","3,405,614"
Grand Teton National Park,2018,"54,298","47,524","57,276","60,541","296,885","627,055","795,725","692,074","558,788","207,534","44,651","48,800","3,491,151"
Grand Teton National Park,2017,"45,377","44,397","53,366","58,403","255,583","637,683","739,046","716,690","482,661","187,499","45,496","50,799","3,317,000"
Grand Teton National Park,2016,"47,501","53,271","55,162","59,287","292,318","603,154","758,253","633,657","492,451","186,185","50,508","38,329","3,270,076"
Grand Teton National Park,2015,"46,952","51,638","57,392","52,348","231,708","576,057","737,246","651,245","474,787","190,681","38,610","41,257","3,149,921"
Grand Teton National Park,2014,"44,783","38,951","47,711","45,867","199,161","515,625","686,200","614,995","372,054","148,281","37,388","40,376","2,791,392"
Grand Teton National Park,2013,"39,871","40,742","47,414","45,027","189,663","509,389","642,862","609,953","420,542","68,984","36,686","37,661","2,688,794"
Grand Teton National Park,2012,"38,762","31,835","39,138","48,341","167,848","484,844","661,613","585,450","405,477","165,549","36,114","40,285","2,705,256"
Grand Teton National Park,2011,"42,986","39,921","48,213","41,914","148,425","436,208","643,386","568,658","403,649","141,259","33,293","39,525","2,587,437"
Grand Teton National Park,2010,"40,509","40,495","47,742","47,575","161,320","450,650","628,355","598,412","421,830","149,581","39,805","43,100","2,669,374"
Grand Teton National Park,2009,"43,659","43,129","44,492","48,206","177,624","435,542","622,045","568,122","393,873","124,607","37,574","41,208","2,580,081"
Grand Teton National Park,2008,"42,940","43,991","43,724","39,193","178,458","452,102","587,324","527,256","347,239","142,499","42,483","38,778","2,485,987"
Grand Teton National Park,2007,"45,940","43,080","62,337","49,303","188,612","454,382","591,627","540,336","397,285","126,744","45,122","43,806","2,588,574"
Grand Teton National Park,2006,"42,429","47,055","44,281","43,722","160,378","427,444","597,484","497,403","344,329","121,273","39,656","41,022","2,406,476"
Grand Teton National Park,2005,"44,727","43,863","46,293","47,223","151,793","430,930","602,298","544,255","344,390","135,657","31,528","40,485","2,463,442"
Grand Teton National Park,2004,"51,294","36,582","54,733","52,743","160,692","463,445","588,627","405,576","342,945","117,902","45,877","39,957","2,360,373"
Grand Teton National Park,2003,"61,043","57,583","48,717","64,112","90,174","480,739","570,488","550,815","300,997","44,268","42,495","44,262","2,355,693"
Grand Teton National Park,2002,"56,314","56,764","57,923","47,955","164,065","458,491","619,451","549,234","360,557","122,602","58,652","60,621","2,612,629"
Grand Teton National Park,2001,"55,717","55,052","59,457","53,784","181,257","421,604","603,133","546,323","323,038","136,043","52,701","46,999","2,535,108"
Grand Teton National Park,2000,"56,329","55,986","49,764","51,355","170,039","501,849","632,865","510,035","329,923","132,501","58,504","41,474","2,590,624"
Grand Teton National Park,1999,"42,914","39,694","49,885","42,384","159,492","416,156","661,051","610,687","392,841","139,183","63,873","61,865","2,680,025"
Grand Teton National Park,1998,"37,773","44,298","45,149","47,384","199,320","460,412","648,641","636,959","398,202","137,766","53,282","47,874","2,757,060"
Grand Teton National Park,1997,"37,291","40,998","47,657","41,501","157,661","441,755","644,524","638,490","382,007","131,589","45,908","49,381","2,658,762"
Grand Teton National Park,1996,"35,023","42,816","58,360","43,897","161,679","481,622","669,906","619,839","398,302","133,597","51,717","36,681","2,733,439"
Grand Teton National Park,1995,"35,760","43,571","39,922","48,571","168,819","445,606","717,919","615,932","400,346","139,670","43,978","30,921","2,731,015"
Grand Teton National Park,1994,"35,079","29,682","50,319","50,751","115,634","467,855","593,010","661,706","361,257","100,983","37,564","36,859","2,540,699"
Grand Teton National Park,1993,"29,975","33,288","42,895","40,169","162,582","454,534","625,197","613,984","353,141","132,981","48,402","31,541","2,568,689"
Grand Teton National Park,1992,"15,410","18,965","22,707","26,216","114,342","306,048","454,274","437,214","249,185","71,601","21,390","7,284","1,744,636"
Grand Teton National Park,1991,"13,619","18,200","16,860","14,871","93,799","277,687","433,870","414,181","240,892","68,870","20,087","12,816","1,625,752"
Grand Teton National Park,1990,"10,168","12,271","15,512","20,070","88,939","284,680","413,491","423,509","225,714","55,334","29,286","9,279","1,588,253"
Grand Teton National Park,1989,"9,508","9,227","16,870","17,099","104,335","245,532","343,740","323,277","174,321","54,476","22,184","11,090","1,331,659"
Grand Teton National Park,1988,"9,943","10,894","13,991","20,433","89,014","268,452","320,432","292,705","125,016","54,972","17,453","9,386","1,232,691"
Grand Teton National Park,1987,"11,612","11,088","12,310","21,241","74,134","230,020","398,516","381,568","220,715","60,499","19,071","10,017","1,450,791"
Grand Teton National Park,1986,"9,625","9,028","14,040","11,553","64,026","229,917","374,139","361,709","162,631","46,002","13,994","9,658","1,306,322"
Grand Teton National Park,1985,"8,656","8,868","10,414","13,325","51,266","238,661","386,954","368,768","186,167","40,346","10,379","10,679","1,334,483"
Grand Teton National Park,1984,"8,226","9,788","10,099","11,344","53,385","228,142","374,365","380,301","215,255","48,538","13,681","7,774","1,360,898"
Grand Teton National Park,1983,"9,966","10,935","12,066","11,526","119,010","231,024","370,515","444,690","233,269","56,456","26,324","6,254","1,532,035"
Grand Teton National Park,1982,"15,098","26,809","20,773","19,308","146,341","481,909","790,452","720,615","138,944","101,968","52,787","19,025","2,534,029"
Grand Teton National Park,1981,"18,959","31,878","25,886","26,846","176,726","451,018","674,566","699,874","357,057","106,157","52,768","21,909","2,643,644"
Grand Teton National Park,1980,"15,804","31,020","34,943","29,195","136,336","395,897","635,656","777,149","309,929","95,773","43,950","49,975","2,555,627"
Grand Teton National Park,1979,"46,131","24,585","32,175","38,696","134,499","384,945","608,613","667,299","305,194","123,444","46,685","33,905","2,446,171"
Glacier National Park,2022,"17,539","18,461","24,030","36,518","181,392","529,098","734,892","675,335","544,575",,,,"2,761,840"
Glacier National Park,2021,"23,417","17,238","30,976","53,134","175,277","587,237","796,868","670,628","533,388","149,564","26,300","17,629","3,081,656"
Glacier National Park,2020,"13,651","18,020","24,377",0,0,"202,701","453,977","459,121","343,911","125,544","29,366","28,196","1,698,864"
Glacier National Park,2019,"13,581","11,240","23,989","35,491","167,403","544,088","879,711","771,874","488,909","78,408","20,008","15,137","3,049,839"
Glacier National Park,2018,"12,222","11,847","21,758","28,404","195,116","556,304","905,959","667,688","434,600","91,973","20,657","18,781","2,965,309"
Glacier National Park,2017,"14,690","13,802","19,336","38,323","177,787","620,962","1,009,665","908,479","389,137","84,469","15,594","13,268","3,305,512"
Glacier National Park,2016,"15,674","16,548","21,257","55,125","183,925","485,017","818,481","748,565","482,592","75,797","30,823","12,877","2,946,681"
Glacier National Park,2015,"12,087","14,530","18,139","48,270","134,741","414,671","689,064","579,007","351,388","71,297","19,505","13,357","2,366,056"
Glacier National Park,2014,"12,111","10,242","13,214","28,667","112,187","334,074","699,650","675,119","353,497","72,694","15,706","11,367","2,338,528"
Glacier National Park,2013,"10,836","11,388","15,758","20,922","108,998","343,560","645,514","626,556","355,471","25,965","14,924","10,482","2,190,374"
Glacier National Park,2012,"10,318","10,194","12,416","32,085","112,055","313,713","630,093","604,039","356,975","54,127","16,158","9,862","2,162,035"
Glacier National Park,2011,"10,887","10,911","12,243","15,747","92,755","266,283","512,494","532,718","320,813","54,356","13,797","10,560","1,853,564"
Glacier National Park,2010,"10,005","10,811","14,646","24,111","106,316","337,120","673,359","632,971","300,275","66,155","13,541","10,738","2,200,048"
Glacier National Park,2009,"9,800","11,642","10,647","21,805","102,993","327,572","603,681","541,997","325,257","49,525","15,801","10,628","2,031,348"
Glacier National Park,2008,"9,324","10,966","13,850","17,129","85,554","287,059","523,881","514,317","262,782","58,605","16,544","8,016","1,808,027"
Glacier National Park,2007,"12,167","12,086","26,534","34,659","137,220","341,317","621,046","492,343","311,589","66,059","18,688","9,621","2,083,329"
Glacier National Park,2006,"10,009","10,702","12,439","23,373","100,842","324,244","587,137","493,092","287,424","87,759","16,606","10,772","1,964,399"
Glacier National Park,2005,"7,444","12,496","16,490","54,609","131,566","286,605","561,774","498,836","269,149","64,658","11,848","9,626","1,925,101"
Glacier National Park,2004,"8,647","12,512","16,805","54,898","116,163","281,589","541,644","602,042","288,378","89,257","11,824","10,174","2,033,933"
Glacier National Park,2003,"9,321","17,673","12,414","31,312","97,852","370,232","490,284","261,481","235,172","107,295","20,937","10,073","1,664,046"
Glacier National Park,2002,"6,171","9,065","9,097","18,887","82,027","225,695","585,823","549,161","305,959","87,651","17,819","8,334","1,905,689"
Glacier National Park,2001,"8,380","8,451","13,677","18,388","90,692","230,625","490,693","485,240","261,525","53,852","15,704","3,387","1,680,614"
Glacier National Park,2000,"8,118","8,656","12,112","20,796","86,594","243,723","514,937","522,578","231,886","59,849","11,922","7,522","1,728,693"
Glacier National Park,1999,"7,050","8,371","13,788","20,112","81,002","232,339","526,595","491,717","232,246","50,378","13,484","7,522","1,684,604"
Glacier National Park,1998,"7,481","9,686","13,316","24,166","89,146","255,237","540,488","528,716","286,602","57,164","12,029","6,913","1,830,944"
Glacier National Park,1997,"6,591","8,618","11,710","16,116","64,446","209,675","517,028","517,010","281,018","53,262","15,168","8,214","1,708,856"
Glacier National Park,1996,"5,227","11,058","12,934","25,388","100,027","251,397","515,064","477,618","254,310","60,231","2,589","4,962","1,720,805"
Glacier National Park,1995,"8,441","10,573","16,013","25,869","110,206","249,808","552,643","515,842","289,248","51,025","7,395","2,455","1,839,518"
Glacier National Park,1994,"8,625","6,922","17,906","26,334","114,236","327,882","666,871","595,936","309,585","62,171","8,434","8,087","2,152,989"
Glacier National Park,1993,"7,080","9,402","14,808","26,675","113,148","340,288","626,668","624,559","288,356","71,304","11,216","8,200","2,141,704"
Glacier National Park,1992,"7,177","8,995","20,027","34,501","133,553","366,534","647,193","609,629","285,958","68,290","12,410","5,500","2,199,767"
Glacier National Park,1991,"4,936","8,447","10,704","24,405","82,333","300,610","646,943","643,324","286,582","71,872","9,971","6,839","2,096,966"
Glacier National Park,1990,"7,286","7,738","14,021","24,443","81,628","288,607","627,322","593,055","280,411","42,362","16,718","3,146","1,986,737"
Glacier National Park,1989,"7,524","7,237","12,111","25,457","71,760","300,384","586,500","499,464","236,284","54,142","13,320","7,340","1,821,523"
Glacier National Park,1988,"6,306","8,433","10,256","25,452","79,954","290,208","583,916","508,564","204,186","75,624","18,150","6,684","1,817,733"
Glacier National Park,1987,"6,541","7,118","8,354","29,332","88,708","282,364","501,229","436,118","200,384","67,647","25,070","7,872","1,660,737"
Glacier National Park,1986,"5,442","3,725","10,192","26,049","90,992","270,600","465,816","459,919","148,825","71,771","18,347","7,473","1,579,151"
Glacier National Park,1985,"4,720","5,587","12,084","36,976","91,914","296,523","487,859","423,209","142,337","61,381","36,941","3,480","1,603,011"
Glacier National Park,1984,"6,468","9,255","12,067","31,817","62,456","321,531","628,414","545,651","221,746","70,526","29,100","7,672","1,946,703"
Glacier National Park,1983,"7,183","7,178","12,116","26,414","87,249","310,923","689,489","673,399","280,628","63,185","39,810","6,273","2,203,847"
Glacier National Park,1982,"5,368","5,463","9,761","20,038","57,529","237,560","529,862","513,554","196,896","65,203","18,752","6,128","1,666,114"
Glacier National Park,1981,"8,964","8,278","15,483","26,804","75,907","260,397","571,302","510,227","201,982","61,304","37,964","7,911","1,786,523"
Glacier National Park,1980,"6,156","6,156","8,900","21,109","67,903","237,851","446,853","423,107","151,586","78,063","22,503","4,391","1,474,578"
Glacier National Park,1979,"6,357","3,480","11,790","15,000","65,923","235,210","414,460","404,303","176,600","75,265","32,616","5,082","1,446,086"
Olympic National Park,2022,"65,553","76,509","112,250","92,420","133,313","222,231","445,755",,,,,,"1,148,031"
Olympic National Park,2021,"74,962","75,915","116,649","92,336","110,700","216,260","534,345","795,063","334,522","182,884","103,802","81,487","2,718,925"
Olympic National Park,2020,"74,888","76,248","116,314","40,297","66,013","186,034","510,073","719,170","334,249","188,318","107,430","80,143","2,499,177"
Olympic National Park,2019,"72,725","73,756","113,720","159,983","307,426","499,728","517,058","737,996","399,907","182,944","108,204","72,359","3,245,806"
Olympic National Park,2018,"124,050","95,948","113,917","161,131","305,775","462,461","492,372","655,793","345,371","193,677","90,207","63,753","3,104,455"
Olympic National Park,2017,"96,056","94,433","114,817","202,039","350,885","500,191","510,184","764,282","411,658","194,127","91,989","71,335","3,401,996"
Olympic National Park,2016,"97,571","103,509","126,255","171,641","341,524","459,305","563,492","813,267","409,680","114,112","117,426","72,439","3,390,221"
Olympic National Park,2015,"79,877","102,766","110,453","163,263","280,726","550,337","568,820","702,159","391,825","139,783","104,817","68,935","3,263,761"
Olympic National Park,2014,"80,424","77,894","106,803","163,050","282,962","396,184","585,884","860,611","394,495","146,288","75,692","73,585","3,243,872"
Olympic National Park,2013,"77,162","81,808","119,954","124,456","274,629","388,581","460,971","855,663","373,850","134,726","89,154","104,386","3,085,340"
Olympic National Park,2012,"65,178","79,292","96,768","114,970","287,399","261,427","527,598","639,436","417,768","165,809","83,363","85,900","2,824,908"
Olympic National Park,2011,"81,212","68,228","105,061","128,660","282,322","316,535","514,487","724,884","380,517","194,130","91,620","78,846","2,966,502"
Olympic National Park,2010,"95,417","87,317","114,917","160,423","224,279","283,713","515,266","648,734","329,213","172,354","147,838","65,092","2,844,563"
Olympic National Park,2009,"108,180","108,615","130,282","131,420","296,279","390,715","511,702","714,948","408,782","218,816","143,775","112,945","3,276,459"
Olympic National Park,2008,"85,799","88,928","121,254","127,008","253,117","454,678","469,753","634,421","358,070","234,011","157,669","96,743","3,081,451"
Olympic National Park,2007,"94,454","105,116","110,831","125,060","308,662","291,907","405,967","731,346","387,414","200,700","142,776","84,453","2,988,686"
Olympic National Park,2006,"91,371","94,011","99,138","134,679","228,334","291,704","426,249","663,496","334,225","193,254","111,836","80,900","2,749,197"
Olympic National Park,2005,"87,091","96,880","118,618","115,228","313,764","439,694","452,981","806,537","348,835","161,829","104,002","97,315","3,142,774"
Olympic National Park,2004,"113,575","109,916","107,077","137,681","223,346","344,345","399,944","940,156","341,704","167,016","99,965","88,997","3,073,722"
Olympic National Park,2003,"117,392","105,632","123,961","183,861","226,461","394,437","522,505","805,921","388,750","152,942","87,717","115,748","3,225,327"
Olympic National Park,2002,"98,582","123,199","121,607","161,563","263,001","433,902","699,732","856,987","420,204","217,635","158,942","135,956","3,691,310"
Olympic National Park,2001,"137,416","106,761","123,512","186,515","263,442","335,889","538,036","752,472","427,314","275,194","138,758","130,760","3,416,069"
Olympic National Park,2000,"107,655","115,064","126,936","180,927","298,942","353,597","496,673","690,936","427,104","247,361","138,278","144,249","3,327,722"
Olympic National Park,1999,"100,800","100,475","114,491","173,515","314,164","383,547","557,138","736,542","393,154","243,335","113,231","133,874","3,364,266"
Olympic National Park,1998,"106,255","118,009","133,071","198,924","264,633","400,120","624,743","840,990","472,706","218,287","104,466","94,803","3,577,007"
Olympic National Park,1997,"109,975","119,749","128,889","167,671","368,617","462,510","629,238","884,173","506,847","226,600","129,687","112,753","3,846,709"
Olympic National Park,1996,"73,617","93,292","120,533","143,606","275,510","358,829","469,384","814,468","548,851","238,398","117,985","94,250","3,348,723"
Olympic National Park,1995,"97,719","100,477","110,109","153,225","264,287","396,072","664,530","932,892","436,992","318,603","107,672","76,037","3,658,615"
Olympic National Park,1994,"85,442","87,168","121,555","150,290","248,684","358,722","578,213","948,440","418,601","205,845","106,574","72,039","3,381,573"
Olympic National Park,1993,"45,468","92,616","94,503","135,296","262,521","292,038","395,670","596,948","373,445","223,359","101,848","65,886","2,679,598"
Olympic National Park,1992,"87,347","90,782","130,148","142,355","280,778","381,961","517,278","666,810","408,254","183,448","80,298","60,736","3,030,195"
Olympic National Park,1991,"56,783","75,125","98,602","140,676","249,275","329,326","493,472","585,354","390,471","197,607","79,648","63,334","2,759,673"
Olympic National Park,1990,"73,278","62,811","105,767","147,896","265,456","308,300","537,430","655,539","395,716","134,293","70,599","37,818","2,794,903"
Olympic National Park,1989,"79,928","64,281","112,391","192,196","229,426","310,733","432,063","597,155","406,468","164,134","88,392","60,444","2,737,611"
Olympic National Park,1988,"101,552","124,842","154,958","182,113","183,294","299,614","518,718","677,665","370,511","168,435","106,720","70,700","2,959,122"
Olympic National Park,1987,"126,555","104,308","113,714","180,803","219,503","287,201","446,566","575,671","391,105","171,818","119,813","85,793","2,822,850"
Olympic National Park,1986,"123,153","92,602","131,928","170,315","203,960","330,981","466,100","687,083","377,122","191,287","79,800","85,703","2,940,034"
Olympic National Park,1985,"81,068","78,644","115,226","148,180","166,141","305,707","488,081","548,834","303,874","156,426","68,497","71,467","2,532,145"
Olympic National Park,1984,"106,158","92,476","122,484","156,862","177,113","297,234","443,092","483,112","501,946","187,300","112,203","79,031","2,759,011"
Olympic National Park,1983,"86,603","104,874","112,489","130,245","163,172","263,139","417,160","465,101","328,955","152,980","125,132","60,872","2,410,722"
Olympic National Park,1982,"56,108","99,509","106,765","125,772","163,608","301,517","438,403","516,377","263,301","138,743","126,999","141,637","2,478,739"
Olympic National Park,1981,"37,309","45,741","66,372","79,340","133,887","179,827","525,435","729,133","225,606","96,350","110,158","76,874","2,306,032"
Olympic National Park,1980,"41,013","42,049","53,707","79,987","130,153","175,310","510,789","599,654","180,884","106,248","57,966","54,658","2,032,418"
Olympic National Park,1979,"48,453","38,221","75,100","105,322","130,894","210,362","472,052","611,121","173,679","113,074","60,871","39,694","2,078,843"